/*
SQLyog Ultimate v11.24 (32 bit)
MySQL - 5.5.38 : Database - cpic
*********************************************************************
*/

/*!40101 SET NAMES utf8 */;

/*!40101 SET SQL_MODE=''*/;

/*!40014 SET @OLD_UNIQUE_CHECKS=@@UNIQUE_CHECKS, UNIQUE_CHECKS=0 */;
/*!40014 SET @OLD_FOREIGN_KEY_CHECKS=@@FOREIGN_KEY_CHECKS, FOREIGN_KEY_CHECKS=0 */;
/*!40101 SET @OLD_SQL_MODE=@@SQL_MODE, SQL_MODE='NO_AUTO_VALUE_ON_ZERO' */;
/*!40111 SET @OLD_SQL_NOTES=@@SQL_NOTES, SQL_NOTES=0 */;
CREATE DATABASE /*!32312 IF NOT EXISTS*/`cpic` /*!40100 DEFAULT CHARACTER SET utf8 */;

USE `cpic`;

/*Table structure for table `baodan` */

DROP TABLE IF EXISTS `baodan`;

CREATE TABLE `baodan` (
  `bdid` int(10) NOT NULL AUTO_INCREMENT COMMENT '保单id',
  `bdidnumber` varchar(18) DEFAULT NULL COMMENT '身份证号',
  `bdnumber` varchar(10) DEFAULT NULL COMMENT '保单号',
  `bdcontent` varchar(50) DEFAULT NULL COMMENT '保障内容',
  `bdfeature` varchar(50) DEFAULT NULL COMMENT '保障特色',
  `bdage` varchar(10) DEFAULT NULL COMMENT '年龄',
  `bdlimit` varchar(20) DEFAULT NULL COMMENT '保单期限',
  `bdprice` varchar(20) DEFAULT NULL COMMENT '价格',
  `bdbaoe` varchar(20) DEFAULT NULL COMMENT '保额',
  `bdtime` varchar(20) DEFAULT NULL COMMENT '参保时间',
  `bdphone` varchar(20) DEFAULT NULL COMMENT '手机号',
  `bdsex` varchar(5) DEFAULT NULL COMMENT '性别',
  `bdname` varchar(20) DEFAULT NULL COMMENT '被保人',
  PRIMARY KEY (`bdid`)
) ENGINE=InnoDB AUTO_INCREMENT=6 DEFAULT CHARSET=utf8;

/*Data for the table `baodan` */

insert  into `baodan`(`bdid`,`bdidnumber`,`bdnumber`,`bdcontent`,`bdfeature`,`bdage`,`bdlimit`,`bdprice`,`bdbaoe`,`bdtime`,`bdphone`,`bdsex`,`bdname`) values (1,'432501199608050513','1234567890','养老','不限','60周岁以上','终身','32000','6000/月','2019-06-08','15173898321','男','吴先生'),(2,'432501199608050222','0123456789','养老','不限','60周岁以上','终身','28000','5000/月','2019-05-01','15173898888','女','李女士'),(3,'432501199608050644','0987654321','养老','不限','60周岁以上','终身','20000','3000/月','2019-04-25','15111111111','女','张女士'),(4,'432501199608050521','1231231233','养老','不限','60周岁以上','终身','18000','2000/月','2019-05-15','13122222222','男','李先生'),(5,'432501199608050126','3213213211','养老','不限','60周岁以上','终身','30000','5900/月','2019-06-06','15177777777','女','王女士');

/*Table structure for table `chexian` */

DROP TABLE IF EXISTS `chexian`;

CREATE TABLE `chexian` (
  `cxid` int(10) NOT NULL AUTO_INCREMENT COMMENT '车险id',
  `cpnumber` varchar(15) DEFAULT NULL COMMENT '车牌号',
  `cjnumber` varchar(15) DEFAULT NULL COMMENT '车架号',
  `cxidnumber` varchar(18) DEFAULT NULL COMMENT '身份证号',
  `cxnumber` varchar(10) DEFAULT NULL COMMENT '保单号',
  `cxcity` varchar(20) DEFAULT NULL COMMENT '行驶城市',
  `cxbirth` varchar(20) DEFAULT NULL COMMENT '车主生日',
  `cxphone` varchar(20) DEFAULT NULL COMMENT '手机号',
  `cxprice` varchar(20) DEFAULT NULL COMMENT '车险套餐',
  `cxbaoe` varchar(20) DEFAULT NULL COMMENT '保额',
  `cxfangan` varchar(30) DEFAULT NULL COMMENT '产品方案',
  `cxtime` varchar(20) DEFAULT NULL COMMENT '参保时间',
  `cxlimit` varchar(20) DEFAULT NULL COMMENT '保险期限',
  `cxage` varchar(20) DEFAULT NULL COMMENT '承保年龄',
  `cxquyu` varchar(20) DEFAULT NULL COMMENT '销售区域',
  `cxname` varchar(20) DEFAULT NULL COMMENT '被保人',
  PRIMARY KEY (`cxid`)
) ENGINE=InnoDB AUTO_INCREMENT=4 DEFAULT CHARSET=utf8;

/*Data for the table `chexian` */

insert  into `chexian`(`cxid`,`cpnumber`,`cjnumber`,`cxidnumber`,`cxnumber`,`cxcity`,`cxbirth`,`cxphone`,`cxprice`,`cxbaoe`,`cxfangan`,`cxtime`,`cxlimit`,`cxage`,`cxquyu`,`cxname`) values (1,'湘A12345','1234567','432501199608050513','1234567890','湖南长沙','1996-06-08','15173898321','168元起','300万','尊贵款-￥760起','2019-06-05','三年','0-100周岁','湖南长沙','吴先生'),(2,'湘A54321','7654321','432501199608050506','0987654321','湖南长沙','1998-01-01','15111111111','40元起','160万','E款-￥400起','2019-05-01','一年','0-100周岁','湖南长沙','李女士'),(3,'湘A12321','1231231','432501199608050502','1231231231','湖南娄底','1997-07-05','15122222222','16元起','50万','C款-￥36起','2019-05-05','两年','18-70周岁','湖南娄底','王女士');

/*Table structure for table `city` */

DROP TABLE IF EXISTS `city`;

CREATE TABLE `city` (
  `cid` int(11) NOT NULL AUTO_INCREMENT,
  `cityID` varchar(11) NOT NULL,
  `cityName` varchar(50) NOT NULL,
  `proID` int(11) NOT NULL,
  PRIMARY KEY (`cid`)
) ENGINE=InnoDB AUTO_INCREMENT=497 DEFAULT CHARSET=utf8;

/*Data for the table `city` */

insert  into `city`(`cid`,`cityID`,`cityName`,`proID`) values (132,'01','北京',1),(133,'01','上海',3),(134,'01','天津',2),(135,'01','重庆',4),(136,'01','辽阳市',8),(137,'02','大连市',8),(138,'03','鞍山市',8),(139,'04','抚顺市',8),(140,'05','本溪市',8),(141,'06','丹东市',8),(142,'07','锦州市',8),(143,'08','葫芦岛市',8),(144,'09','营口市',8),(145,'10','盘锦市',8),(146,'11','阜新市',8),(147,'12','辽阳市',8),(148,'13','铁岭市',8),(149,'14','朝阳市',8),(150,'15','凌源市',8),(151,'16','北票市',8),(152,'01','长春市',9),(153,'02','吉林市',9),(154,'03','四平市',9),(155,'04','辽源市',9),(156,'05','通化市',9),(157,'06','白山市',9),(158,'07','延边朝鲜族自治州',9),(159,'08','白城市',9),(160,'09','松原市',9),(161,'01','哈尔滨市',10),(162,'02','齐齐哈尔市',10),(163,'03','鹤岗市',10),(164,'04','双鸭山市',10),(165,'05','鸡西市',10),(166,'06','大庆市',10),(167,'07','伊春市',10),(168,'08','牡丹江市',10),(169,'09','佳木斯市',10),(170,'10','七台河市',10),(171,'11','黑河市',10),(172,'12','绥化市',10),(173,'13','大兴安岭地区',10),(174,'01','石家庄市',5),(175,'02','唐山市',5),(176,'03','秦皇岛市',5),(177,'04','邯郸市',5),(178,'05','邢台市',5),(179,'06','保定市',5),(180,'07','张家口市',5),(181,'08','承德市',5),(182,'09','廊坊市',5),(183,'10','衡水市',5),(184,'11','沧州市',5),(185,'01','太原市',6),(186,'02','大同市',6),(187,'03','阳泉市',6),(188,'04','长治市',6),(189,'05','晋城市',6),(190,'06','朔州市',6),(191,'07','晋中市',6),(192,'08','运城市',6),(193,'09','忻州市',6),(194,'10','临汾市',6),(195,'11','吕梁地区',6),(196,'01','郑州市',17),(197,'02','开封市',17),(198,'03','洛阳市',17),(199,'04','平顶山市',17),(200,'05','焦作市',17),(201,'06','鹤壁市',17),(202,'07','新乡市',17),(203,'08','安阳市',17),(204,'09','濮阳市',17),(205,'10','许昌市',17),(206,'11','漯河市',17),(207,'12','三门峡市',17),(208,'13','南阳市',17),(209,'14','商丘市',17),(210,'15','信阳市',17),(211,'16','周口市',17),(212,'17','驻马店市',17),(213,'18','济源市',17),(214,'01','济南市',16),(215,'02','青岛市',16),(216,'03','淄博市',16),(217,'04','枣庄市',16),(218,'05','东营市',16),(219,'06','潍坊市',16),(220,'07','烟台市',16),(221,'08','威海市',16),(222,'09','济宁市',16),(223,'10','泰安市',16),(224,'11','日照市',16),(225,'12','莱芜市',16),(226,'13','临沂市',16),(227,'14','德州市',16),(228,'15','聊城市',16),(229,'16','滨州市',16),(230,'17','菏泽市',16),(231,'01','南京市',11),(232,'02','徐州市',11),(233,'03','连云港市',11),(234,'04','淮安市',11),(235,'05','宿迁市',11),(236,'06','盐城市',11),(237,'07','扬州市',11),(238,'08','泰州市',11),(239,'09','南通市',11),(240,'10','镇江市',11),(241,'11','常州市',11),(242,'12','无锡市',11),(243,'13','苏州市',11),(244,'01','银川市',30),(245,'02','石嘴山市',30),(246,'03','吴忠市',30),(247,'04','固原市',30),(248,'01','南宁市',28),(249,'02','柳州市',28),(250,'03','桂林市',28),(251,'04','梧州市',28),(252,'05','北海市',28),(253,'06','防城港市',28),(254,'07','钦州市',28),(255,'08','贵港市',28),(256,'09','玉林市',28),(257,'10','百色市',28),(258,'11','贺州市',28),(259,'12','河池市',28),(260,'13','来宾市',28),(261,'14','崇左市',28),(262,'01','乌鲁木齐市',31),(263,'02','克拉玛依市',31),(264,'03','吐鲁番地区',31),(265,'04','哈密地区',31),(266,'05','和田地区',31),(267,'06','阿克苏地区',31),(268,'07','喀什地区',31),(269,'08','克孜勒苏柯尔克孜自治州',31),(270,'09','巴音郭楞州',31),(271,'10','昌吉州',31),(272,'11','博尔塔拉州',31),(273,'12','伊犁哈萨克自治州',31),(274,'13','塔城地区',31),(275,'14','阿勒泰州',31),(276,'15','石河子市',31),(277,'16','阿拉尔市',31),(278,'17','图木舒克市',31),(279,'18','五家渠市',31),(280,'01','拉萨市',29),(281,'02','昌都地区',29),(282,'03','山南地区',29),(283,'04','日喀则地区',29),(284,'05','阿里地区',29),(285,'06','林芝地区',29),(286,'01','香港',34),(287,'01','澳门',33),(288,'01','基隆市',7),(289,'02','新竹市',7),(290,'03','台中市',7),(291,'04','嘉义市',7),(292,'05','台南市',7),(293,'06','宜兰县',7),(294,'07','台北县',7),(295,'08','桃园县',7),(296,'09','新竹县',7),(297,'10','苗栗县',7),(298,'11','台中县',7),(299,'12','南投县',7),(300,'13','彰化县',7),(301,'14','云林县',7),(302,'15','嘉义县',7),(303,'16','台南县',7),(304,'17','高雄县',7),(305,'18','屏东县',7),(306,'19','台东县',7),(307,'20','花莲县',7),(308,'21','澎湖县',7),(309,'01','南昌市',15),(310,'02','萍乡市',15),(311,'03','九江市',15),(312,'04','新余市',15),(313,'05','鹰潭市',15),(314,'06','赣州市',15),(315,'07','吉安市',15),(316,'08','宜春市',15),(317,'09','抚州市',15),(318,'10','上饶市',15),(319,'01','合肥市',13),(320,'02','芜湖市',13),(321,'03','蚌埠市',13),(322,'04','淮南市',13),(323,'05','马鞍山市',13),(324,'06','淮北市',13),(325,'07','铜陵市',13),(326,'08','安庆市',13),(327,'09','黄山市',13),(328,'10','滁州市',13),(329,'11','阜阳市',13),(330,'12','宿州市',13),(331,'13','巢湖市',13),(332,'14','六安市',13),(333,'15','亳州市',13),(334,'16','池州市',13),(335,'17','宣城市',13),(336,'01','福州市',14),(337,'02','厦门市',14),(338,'03','三明市',14),(339,'04','莆田市',14),(340,'05','泉州市',14),(341,'06','漳州市',14),(342,'07','南平市',14),(343,'08','龙岩市',14),(344,'09','宁德市',14),(345,'01','杭州市',12),(346,'02','宁波市',12),(347,'03','温州市',12),(348,'04','嘉兴市',12),(349,'05','绍兴市',12),(350,'06','金华市',12),(351,'07','衢州市',12),(352,'08','舟山市',12),(353,'09','台州市',12),(354,'10','丽水市',12),(355,'01','海口市',24),(356,'02','三亚市',24),(357,'01','广州市',20),(358,'02','深圳市',20),(359,'03','珠海市',20),(360,'04','汕头市',20),(361,'05','韶关市',20),(362,'06','惠州市',20),(363,'07','河源市',20),(364,'08','梅州市',20),(365,'09','汕尾市',20),(366,'10','东莞市',20),(367,'11','中山市',20),(368,'12','江门市',20),(369,'13','佛山市',20),(370,'14','阳江市',20),(371,'15','湛江市',20),(372,'16','茂名市',20),(373,'17','肇庆市',20),(374,'18','清远市',20),(375,'19','潮州市',20),(376,'20','揭阳市',20),(377,'21','云浮市',20),(378,'01','贵阳市',23),(379,'02','六盘水市',23),(380,'03','遵义市',23),(381,'04','安顺市',23),(382,'05','铜仁地区',23),(383,'06','毕节地区',23),(384,'07','黔西南布依族苗族自治州',23),(385,'08','黔东南南苗族侗族自治州',23),(386,'09','黔南布依族苗族自治州',23),(387,'01','成都市',22),(388,'02','自贡市',22),(389,'03','攀枝花市',22),(390,'04','泸州市',22),(391,'05','德阳市',22),(392,'06','绵阳市',22),(393,'07','广元市',22),(394,'08','遂宁市',22),(395,'09','内江市',22),(396,'10','乐山市',22),(397,'11','南充市',22),(398,'12','宜宾市',22),(399,'13','广安市',22),(400,'14','达州市',22),(401,'15','眉山市',22),(402,'16','雅安市',22),(403,'17','巴中市',22),(404,'18','资阳市',22),(405,'19','阿坝藏族羌族自治州',22),(406,'20','甘孜藏族自治州',22),(407,'21','凉山彝族自治州',22),(408,'01','丽江地区',25),(409,'02','文山壮族苗族自治州',25),(410,'03','红河哈尼族彝族自治州',25),(411,'04','西双版纳傣族自治州',25),(412,'05','楚雄彝族自治州',25),(413,'06','大理白族自治州',25),(414,'07','德宏傣族景颇族自治州',25),(415,'08','怒江傈僳族自治州',25),(416,'09','迪庆藏族自治州',25),(417,'10','昆明市',25),(418,'11','玉溪市',25),(419,'12','保山市',25),(420,'13','昭通市',25),(421,'14','思茅地区',25),(422,'15','临沧地区',25),(423,'01','西安市',27),(424,'02','铜川市',27),(425,'03','宝鸡市',27),(426,'04','咸阳市',27),(427,'05','渭南市',27),(428,'06','延安市',27),(429,'07','汉中市',27),(430,'08','榆林市',27),(431,'09','安康市',27),(432,'10','商洛市',27),(433,'01','荆门市',18),(434,'02','鄂州市',18),(435,'03','孝感市',18),(436,'04','黄冈市',18),(437,'05','咸宁市',18),(438,'06','随州市',18),(439,'07','恩施土家族苗族自治州',18),(440,'08','仙桃市',18),(441,'09','天门市',18),(442,'10','潜江市',18),(443,'11','神农架林区',18),(444,'12','武汉市',18),(445,'13','黄石市',18),(446,'14','襄樊市',18),(447,'15','十堰市',18),(448,'16','荆州市',18),(449,'17','宜昌市',18),(450,'01','长沙市',19),(451,'02','株洲市',19),(452,'03','湘潭市',19),(453,'04','衡阳市',19),(454,'05','邵阳市',19),(455,'06','岳阳市',19),(456,'07','常德市',19),(457,'08','张家界市',19),(458,'09','益阳市',19),(459,'10','郴州市',19),(460,'11','永州市',19),(461,'12','怀化市',19),(462,'13','娄底市',19),(463,'14','湘西土家族苗族自治州',19),(464,'01','西宁市',26),(465,'02','海东地区',26),(466,'03','海北藏族自治州',26),(467,'04','黄南藏族自治州',26),(468,'05','海南藏族自治州',26),(469,'06','洛藏族自治州',26),(470,'07','玉树藏族自治州',26),(471,'08','海西蒙古族藏族自治州',26),(472,'01','兰州市',21),(473,'02','金昌市',21),(474,'03','白银市',21),(475,'04','天水市',21),(476,'05','嘉峪关市',21),(477,'06','武威市',21),(478,'07','张掖市',21),(479,'08','平凉市',21),(480,'09','酒泉市',21),(481,'10','庆阳市',21),(482,'11','定西地区',21),(483,'12','陇南地区',21),(484,'13','甘南藏族自治州',21),(485,'14','临夏回族自治州',21),(486,'01','呼和浩特市',32),(487,'02','包头市',32),(488,'03','乌海市',32),(489,'04','赤峰市',32),(490,'05','鄂尔多斯市',32),(491,'06','呼伦贝尔市',32),(492,'07','乌兰察布盟',32),(493,'08','锡林郭勒盟',32),(494,'09','巴彦淖尔盟',32),(495,'10','阿拉善盟',32),(496,'11','兴安盟',32);

/*Table structure for table `dingzhi` */

DROP TABLE IF EXISTS `dingzhi`;

CREATE TABLE `dingzhi` (
  `dzid` int(5) NOT NULL AUTO_INCREMENT COMMENT '定制保险id',
  `who` varchar(10) DEFAULT NULL COMMENT '为谁投保',
  `birth` varchar(20) DEFAULT NULL COMMENT '出生日期',
  `intention` varchar(50) DEFAULT NULL COMMENT '投保意向',
  `budget` varchar(20) DEFAULT NULL COMMENT '保费预算',
  `date` varchar(20) DEFAULT NULL COMMENT '预约时间',
  `dname` varchar(50) DEFAULT NULL COMMENT '姓名',
  `age` varchar(5) DEFAULT NULL COMMENT '性别',
  `phone` varchar(50) DEFAULT NULL COMMENT '手机号',
  `site` varchar(50) DEFAULT NULL COMMENT '居住地',
  `dznum` int(20) DEFAULT NULL COMMENT '第几位定制的人',
  PRIMARY KEY (`dzid`)
) ENGINE=InnoDB AUTO_INCREMENT=27 DEFAULT CHARSET=utf8;

/*Data for the table `dingzhi` */

insert  into `dingzhi`(`dzid`,`who`,`birth`,`intention`,`budget`,`date`,`dname`,`age`,`phone`,`site`,`dznum`) values (1,'儿子','2019-06-01','意外保险,医疗保险,少儿保险','3000元-5000元','下午:13:00-18:00','吴先生','男','15173898321','湖南省娄底市',1249285),(2,'父亲','2019-06-07','医疗保险,人寿保险','3000元-5000元','上午:9:00-12:00','李女士','女','13874578546','河南省郑州市',1249286),(3,'自己','2019-06-12','医疗保险','5000元-10000元','下午:13:00-18:00','李先生','男','15789546511','河南省郑州市',1249287),(4,'女儿','2019-06-14','医疗保险,少儿保险','5000元-10000元','上午:9:00-12:00','胡先生','男','15147894547','湖南省长沙市',1249288),(5,'自己','2019-06-06','医疗保险','3000元-5000元','随时','陈先生','男','14789632547','湖北省荆门市',1249289),(6,'妻子','2019-06-14','医疗保险','3000元以下','随时','小学生','男','14785456251','山东省济南市',1249290),(7,'母亲','2019-06-05','意外保险,财富规划','3000元-5000元','下午:13:00-18:00','陈女士','女','14789654123','江苏省南京市',1249291),(8,'自己','2019-06-14','意外保险,医疗保险','3000元-5000元','随时','投保人','男','15421457895','辽宁省辽阳市',1249292),(9,'自己','2019-06-14','意外保险','3000元以下','随时','人数','男','17542451452','湖南省长沙市',1249293),(10,'自己','2019-06-09','意外保险,医疗保险,少儿保险,养老保险,人寿保险,财富规划','30000元以上','晚上:19:00-21:00','成功','男','15178987898','天津市天津',1249294),(11,'父亲','2019-06-02','养老保险','10000元-30000元','下午:13:00-18:00','徐先生','男','13145478956','山西省太原市',1249295),(12,'儿子','2019-05-08','意外保险','3000元-5000元','上午:9:00-12:00','大学生','男','15111111111','安徽省合肥市',1249296),(13,'儿子','2019-05-08','意外保险,医疗保险','3000元-5000元','上午:9:00-12:00','大学生','男','15111111111','安徽省合肥市',1249297),(14,'自己','2019-06-07','意外保险,少儿保险','30000元以上','晚上:19:00-21:00','龙先生','男','15178545545','江苏省南京市',1249298),(15,'妻子','2019-06-13','意外保险,医疗保险','5000元-10000元','下午:13:00-18:00','曹女士','男','13151515151','江苏省南京市',1249299),(16,'自己','2019-06-12','意外保险,医疗保险','3000元以下','随时','测试','男','13152532332','山东省济南市',1249300),(17,'自己','2019-05-30','意外保险','3000元以下','随时','试一试','男','15111111111','山东省济南市',1249301),(18,'自己','2019-06-05','意外保险','3000元以下','随时','空格','男','13122222222','山东省济南市',1249302),(19,'自己','2019-06-04','财富规划','5000元-10000元','随时','测试5','女','15166666666','湖南省长沙市',1249303),(20,'自己','2019-06-07','意外保险','3000元以下','随时','性别','女','13122222222','安徽省合肥市',1249304),(21,'自己','2019-06-07','意外保险,养老保险','3000元以下','随时','性别男','男','13145566666','河北省石家庄市',1249305),(22,'妻子','2019-06-06','意外保险,少儿保险','3000元-5000元','下午:13:00-18:00','2111','男','15122222222','湖南省长沙市',1249306),(23,'自己','2019-06-07','意外保险,医疗保险,少儿保险,养老保险,人寿保险,财富规划','30000元以上','晚上:19:00-21:00','端午节','男','15177777777','湖南省长沙市',1249307),(24,'自己','2019-06-10','医疗保险','30000元以上','下午:13:00-18:00','修改','女','15177777777','湖南娄底',1249308),(25,'父亲','2019-06-09','养老保险','30000元以上','晚上:19:00-21:00','修改成功','男','15188888888','上海市上海',1249309),(26,'自己','2019-06-13','意外保险,少儿保险,养老保险','3000元以下','随时','答辩','女','15173898321','湖南省长沙市',1249310);

/*Table structure for table `lipei` */

DROP TABLE IF EXISTS `lipei`;

CREATE TABLE `lipei` (
  `lpid` int(10) NOT NULL AUTO_INCREMENT COMMENT '理赔id',
  `lpidnumber` varchar(20) DEFAULT NULL COMMENT '身份证号码',
  `lpnumber` varchar(10) DEFAULT NULL COMMENT '报案号',
  `lpbdnumber` varchar(10) DEFAULT NULL COMMENT '保单号',
  `lpjieguo` varchar(10) DEFAULT NULL COMMENT '理赔结果',
  PRIMARY KEY (`lpid`)
) ENGINE=InnoDB AUTO_INCREMENT=3 DEFAULT CHARSET=utf8;

/*Data for the table `lipei` */

insert  into `lipei`(`lpid`,`lpidnumber`,`lpnumber`,`lpbdnumber`,`lpjieguo`) values (1,'432501199608050513','1101101101','1234567890','80'),(2,'432501199608050514','1233211233','9876543210','50');

/*Table structure for table `promary` */

DROP TABLE IF EXISTS `promary`;

CREATE TABLE `promary` (
  `proID` int(11) NOT NULL,
  `proName` varchar(50) NOT NULL,
  PRIMARY KEY (`proID`)
) ENGINE=InnoDB DEFAULT CHARSET=utf8;

/*Data for the table `promary` */

insert  into `promary`(`proID`,`proName`) values (1,'北京市'),(2,'天津市'),(3,'上海市'),(4,'重庆市'),(5,'河北省'),(6,'山西省'),(7,'台湾省'),(8,'辽宁省'),(9,'吉林省'),(10,'黑龙江省'),(11,'江苏省'),(12,'浙江省'),(13,'安徽省'),(14,'福建省'),(15,'江西省'),(16,'山东省'),(17,'河南省'),(18,'湖北省'),(19,'湖南省'),(20,'广东省'),(21,'甘肃省'),(22,'四川省'),(23,'贵州省'),(24,'海南省'),(25,'云南省'),(26,'青海省'),(27,'陕西省'),(28,'广西壮族自治区'),(29,'西藏自治区'),(30,'宁夏回族自治区'),(33,'澳门特别行政区'),(34,'香港特别行政区');

/*Table structure for table `scxz` */

DROP TABLE IF EXISTS `scxz`;

CREATE TABLE `scxz` (
  `sxid` int(10) NOT NULL AUTO_INCREMENT COMMENT '上传下载id',
  `filePath` varchar(100) DEFAULT NULL COMMENT '文件路径',
  `path` varchar(100) DEFAULT NULL COMMENT '文件名',
  PRIMARY KEY (`sxid`)
) ENGINE=InnoDB AUTO_INCREMENT=5 DEFAULT CHARSET=utf8;

/*Data for the table `scxz` */

insert  into `scxz`(`sxid`,`filePath`,`path`) values (1,'C:/Users/Administrator/Desktop/scxz/','C:/Users/Administrator/Desktop/scxz/code-wallpaper-8.jpg'),(2,'C:/Users/Administrator/Desktop/scxz/','C:/Users/Administrator/Desktop/scxz/0b46f21fbe096b6383ecbbc80d338744eaf8acb5.jpg'),(3,'C:/Users/Administrator/Desktop/scxz/','C:/Users/Administrator/Desktop/scxz/timg.jpg'),(4,'C:/Users/Administrator/Desktop/scxz/','C:/Users/Administrator/Desktop/scxz/1557826889256.jpg');

/*Table structure for table `xianka` */

DROP TABLE IF EXISTS `xianka`;

CREATE TABLE `xianka` (
  `xkid` int(5) NOT NULL AUTO_INCREMENT COMMENT '保修卡id',
  `xkcard` varchar(20) DEFAULT NULL COMMENT '保修卡卡号',
  `xkpass` varchar(20) DEFAULT NULL COMMENT '保修卡密码',
  `xkjihuo` varchar(5) DEFAULT NULL COMMENT '是否激活（1.激活2.未激活）须激活才能进行保险卡查询',
  `xkrenid` varchar(20) DEFAULT NULL COMMENT '被保人身份证',
  `xkname` varchar(20) DEFAULT NULL COMMENT '姓名',
  `xkdate` varchar(20) DEFAULT NULL COMMENT '办卡日期',
  PRIMARY KEY (`xkid`)
) ENGINE=InnoDB AUTO_INCREMENT=3 DEFAULT CHARSET=utf8;

/*Data for the table `xianka` */

insert  into `xianka`(`xkid`,`xkcard`,`xkpass`,`xkjihuo`,`xkrenid`,`xkname`,`xkdate`) values (1,'1234567887654321','12345678','2','432501199608050513','吴先生','2016-06-11'),(2,'8765432112345678','87654321','2','432501199608050644','李女士','2016-05-05');

/*!40101 SET SQL_MODE=@OLD_SQL_MODE */;
/*!40014 SET FOREIGN_KEY_CHECKS=@OLD_FOREIGN_KEY_CHECKS */;
/*!40014 SET UNIQUE_CHECKS=@OLD_UNIQUE_CHECKS */;
/*!40111 SET SQL_NOTES=@OLD_SQL_NOTES */;
